Data as of,State,Place of Death,Start week,End Week,COVID19 Deaths,Total Deaths,Pneumonia Deaths,Pneumonia and COVID19 Deaths,Influenza Deaths,"Pneumonia, Influenza, or COVID19 Deaths",Footnote
11/12/20,United States,"Healthcare Setting, Inpatient",2/1/20,11/7/20,145291.00,716707.00,164091.00,81341.00,4110.00,232016.00,
11/12/20,United States,"Healthcare Setting, Outpatient or Emergency Room",2/1/20,11/7/20,7664.00,145939.00,7378.00,2492.00,248.00,12788.00,
11/12/20,United States,"Healthcare Setting, Dead on Arrival",2/1/20,11/7/20,207.00,7013.00,155.00,54.00,13.00,321.00,
11/12/20,United States,Decedent's Home,2/1/20,11/7/20,12336.00,833215.00,15718.00,2639.00,1466.00,26047.00,
11/12/20,United States,Hospice Facility,2/1/20,11/7/20,6714.00,153348.00,11034.00,3144.00,319.00,14915.00,
11/12/20,United States,Nursing Home or Long Term Care Facility,2/1/20,11/7/20,47666.00,424540.00,26763.00,11168.00,533.00,63778.00,
11/12/20,United States,Other,2/1/20,11/7/20,4000.00,168244.00,3711.00,1040.00,99.00,6754.00,
11/12/20,United States,Place of Death Unknown,2/1/20,11/7/20,106.00,3174.00,84.00,32.00,1.00,158.00,
11/12/20,Alabama,"Healthcare Setting, Inpatient",2/1/20,11/7/20,2967.00,13941.00,2974.00,1166.00,72.00,4844.00,
11/12/20,Alabama,"Healthcare Setting, Outpatient or Emergency Room",2/1/20,11/7/20,120.00,3402.00,75.00,14.00,,190.00,One or more data cells have counts between 1-9 and have been suppressed in accordance with NCHS confidentiality standards.
11/12/20,Alabama,"Healthcare Setting, Dead on Arrival",2/1/20,11/7/20,,65.00,0.00,0.00,0.00,,One or more data cells have counts between 1-9 and have been suppressed in accordance with NCHS confidentiality standards.
11/12/20,Alabama,Decedent's Home,2/1/20,11/7/20,209.00,18607.00,154.00,27.00,14.00,349.00,
11/12/20,Alabama,Hospice Facility,2/1/20,11/7/20,45.00,1733.00,123.00,19.00,,152.00,One or more data cells have counts between 1-9 and have been suppressed in accordance with NCHS confidentiality standards.
11/12/20,Alabama,Nursing Home or Long Term Care Facility,2/1/20,11/7/20,653.00,5542.00,219.00,78.00,,796.00,One or more data cells have counts between 1-9 and have been suppressed in accordance with NCHS confidentiality standards.
11/12/20,Alabama,Other,2/1/20,11/7/20,18.00,2562.00,27.00,,,44.00,One or more data cells have counts between 1-9 and have been suppressed in accordance with NCHS confidentiality standards.
11/12/20,Alabama,Place of Death Unknown,2/1/20,11/7/20,0.00,0.00,0.00,0.00,0.00,0.00,
11/12/20,Alaska,"Healthcare Setting, Inpatient",2/1/20,11/7/20,57.00,1056.00,111.00,32.00,,141.00,One or more data cells have counts between 1-9 and have been suppressed in accordance with NCHS confidentiality standards.
11/12/20,Alaska,"Healthcare Setting, Outpatient or Emergency Room",2/1/20,11/7/20,,225.00,,0.00,0.00,,One or more data cells have counts between 1-9 and have been suppressed in accordance with NCHS confidentiality standards.
11/12/20,Alaska,"Healthcare Setting, Dead on Arrival",2/1/20,11/7/20,0.00,,0.00,0.00,0.00,0.00,One or more data cells have counts between 1-9 and have been suppressed in accordance with NCHS confidentiality standards.
11/12/20,Alaska,Decedent's Home,2/1/20,11/7/20,10.00,1441.00,24.00,,0.00,30.00,One or more data cells have counts between 1-9 and have been suppressed in accordance with NCHS confidentiality standards.
11/12/20,Alaska,Hospice Facility,2/1/20,11/7/20,0.00,0.00,0.00,0.00,0.00,0.00,
11/12/20,Alaska,Nursing Home or Long Term Care Facility,2/1/20,11/7/20,,346.00,10.00,0.00,,16.00,One or more data cells have counts between 1-9 and have been suppressed in accordance with NCHS confidentiality standards.
11/12/20,Alaska,Other,2/1/20,11/7/20,,329.00,,,0.00,,One or more data cells have counts between 1-9 and have been suppressed in accordance with NCHS confidentiality standards.
11/12/20,Alaska,Place of Death Unknown,2/1/20,11/7/20,0.00,0.00,0.00,0.00,0.00,0.00,
11/12/20,Arizona,"Healthcare Setting, Inpatient",2/1/20,11/7/20,3534.00,13925.00,3938.00,2363.00,81.00,5190.00,
11/12/20,Arizona,"Healthcare Setting, Outpatient or Emergency Room",2/1/20,11/7/20,137.00,2928.00,131.00,46.00,,226.00,One or more data cells have counts between 1-9 and have been suppressed in accordance with NCHS confidentiality standards.
11/12/20,Arizona,"Healthcare Setting, Dead on Arrival",2/1/20,11/7/20,,22.00,,,0.00,,One or more data cells have counts between 1-9 and have been suppressed in accordance with NCHS confidentiality standards.
11/12/20,Arizona,Decedent's Home,2/1/20,11/7/20,383.00,19944.00,559.00,139.00,12.00,815.00,
11/12/20,Arizona,Hospice Facility,2/1/20,11/7/20,357.00,4772.00,429.00,146.00,15.00,655.00,
11/12/20,Arizona,Nursing Home or Long Term Care Facility,2/1/20,11/7/20,527.00,3350.00,336.00,192.00,,673.00,One or more data cells have counts between 1-9 and have been suppressed in accordance with NCHS confidentiality standards.
11/12/20,Arizona,Other,2/1/20,11/7/20,437.00,11965.00,400.00,145.00,,693.00,One or more data cells have counts between 1-9 and have been suppressed in accordance with NCHS confidentiality standards.
11/12/20,Arizona,Place of Death Unknown,2/1/20,11/7/20,0.00,0.00,0.00,0.00,0.00,0.00,
11/12/20,Arkansas,"Healthcare Setting, Inpatient",2/1/20,11/7/20,1171.00,7493.00,1633.00,650.00,51.00,2204.00,
11/12/20,Arkansas,"Healthcare Setting, Outpatient or Emergency Room",2/1/20,11/7/20,76.00,2082.00,103.00,23.00,11.00,167.00,
11/12/20,Arkansas,"Healthcare Setting, Dead on Arrival",2/1/20,11/7/20,,73.00,,,0.00,,One or more data cells have counts between 1-9 and have been suppressed in accordance with NCHS confidentiality standards.
11/12/20,Arkansas,Decedent's Home,2/1/20,11/7/20,81.00,9179.00,168.00,22.00,12.00,239.00,
11/12/20,Arkansas,Hospice Facility,2/1/20,11/7/20,57.00,2560.00,199.00,33.00,,226.00,One or more data cells have counts between 1-9 and have been suppressed in accordance with NCHS confidentiality standards.
11/12/20,Arkansas,Nursing Home or Long Term Care Facility,2/1/20,11/7/20,507.00,4307.00,288.00,152.00,,645.00,One or more data cells have counts between 1-9 and have been suppressed in accordance with NCHS confidentiality standards.
11/12/20,Arkansas,Other,2/1/20,11/7/20,24.00,1660.00,24.00,,0.00,45.00,One or more data cells have counts between 1-9 and have been suppressed in accordance with NCHS confidentiality standards.
11/12/20,Arkansas,Place of Death Unknown,2/1/20,11/7/20,0.00,0.00,0.00,0.00,0.00,0.00,
11/12/20,California,"Healthcare Setting, Inpatient",2/1/20,11/7/20,13039.00,70295.00,18318.00,8443.00,492.00,23404.00,
11/12/20,California,"Healthcare Setting, Outpatient or Emergency Room",2/1/20,11/7/20,578.00,13515.00,820.00,220.00,22.00,1200.00,
11/12/20,California,"Healthcare Setting, Dead on Arrival",2/1/20,11/7/20,,91.00,,,0.00,,One or more data cells have counts between 1-9 and have been suppressed in accordance with NCHS confidentiality standards.
11/12/20,California,Decedent's Home,2/1/20,11/7/20,993.00,90063.00,1629.00,247.00,34.00,2409.00,
11/12/20,California,Hospice Facility,2/1/20,11/7/20,32.00,3218.00,118.00,14.00,,137.00,One or more data cells have counts between 1-9 and have been suppressed in accordance with NCHS confidentiality standards.
11/12/20,California,Nursing Home or Long Term Care Facility,2/1/20,11/7/20,2312.00,30930.00,1882.00,713.00,24.00,3505.00,
11/12/20,California,Other,2/1/20,11/7/20,414.00,22510.00,408.00,95.00,,736.00,One or more data cells have counts between 1-9 and have been suppressed in accordance with NCHS confidentiality standards.
11/12/20,California,Place of Death Unknown,2/1/20,11/7/20,,,,,0.00,,One or more data cells have counts between 1-9 and have been suppressed in accordance with NCHS confidentiality standards.
11/12/20,Colorado,"Healthcare Setting, Inpatient",2/1/20,11/7/20,1132.00,7741.00,1537.00,736.00,45.00,1975.00,
11/12/20,Colorado,"Healthcare Setting, Outpatient or Emergency Room",2/1/20,11/7/20,36.00,1386.00,69.00,21.00,,89.00,One or more data cells have counts between 1-9 and have been suppressed in accordance with NCHS confidentiality standards.
11/12/20,Colorado,"Healthcare Setting, Dead on Arrival",2/1/20,11/7/20,,34.00,,,0.00,,One or more data cells have counts between 1-9 and have been suppressed in accordance with NCHS confidentiality standards.
11/12/20,Colorado,Decedent's Home,2/1/20,11/7/20,166.00,12680.00,323.00,45.00,23.00,467.00,
11/12/20,Colorado,Hospice Facility,2/1/20,11/7/20,40.00,2672.00,143.00,22.00,,165.00,One or more data cells have counts between 1-9 and have been suppressed in accordance with NCHS confidentiality standards.
11/12/20,Colorado,Nursing Home or Long Term Care Facility,2/1/20,11/7/20,827.00,7776.00,588.00,295.00,19.00,1137.00,
11/12/20,Colorado,Other,2/1/20,11/7/20,32.00,2253.00,53.00,,0.00,77.00,One or more data cells have counts between 1-9 and have been suppressed in accordance with NCHS confidentiality standards.
11/12/20,Colorado,Place of Death Unknown,2/1/20,11/7/20,0.00,12.00,0.00,0.00,0.00,0.00,
11/12/20,Connecticut,"Healthcare Setting, Inpatient",2/1/20,11/7/20,2287.00,8573.00,1439.00,725.00,54.00,3052.00,
11/12/20,Connecticut,"Healthcare Setting, Outpatient or Emergency Room",2/1/20,11/7/20,127.00,1533.00,60.00,18.00,,171.00,One or more data cells have counts between 1-9 and have been suppressed in accordance with NCHS confidentiality standards.
11/12/20,Connecticut,"Healthcare Setting, Dead on Arrival",2/1/20,11/7/20,,187.00,,,0.00,,One or more data cells have counts between 1-9 and have been suppressed in accordance with NCHS confidentiality standards.
11/12/20,Connecticut,Decedent's Home,2/1/20,11/7/20,129.00,7297.00,97.00,10.00,,220.00,One or more data cells have counts between 1-9 and have been suppressed in accordance with NCHS confidentiality standards.
11/12/20,Connecticut,Hospice Facility,2/1/20,11/7/20,45.00,849.00,42.00,15.00,0.00,72.00,
11/12/20,Connecticut,Nursing Home or Long Term Care Facility,2/1/20,11/7/20,1815.00,6038.00,398.00,207.00,12.00,2018.00,
11/12/20,Connecticut,Other,2/1/20,11/7/20,121.00,1487.00,23.00,,0.00,136.00,One or more data cells have counts between 1-9 and have been suppressed in accordance with NCHS confidentiality standards.
11/12/20,Connecticut,Place of Death Unknown,2/1/20,11/7/20,0.00,85.00,,0.00,0.00,,One or more data cells have counts between 1-9 and have been suppressed in accordance with NCHS confidentiality standards.
11/12/20,Delaware,"Healthcare Setting, Inpatient",2/1/20,11/7/20,316.00,1906.00,401.00,177.00,,549.00,One or more data cells have counts between 1-9 and have been suppressed in accordance with NCHS confidentiality standards.
11/12/20,Delaware,"Healthcare Setting, Outpatient or Emergency Room",2/1/20,11/7/20,13.00,406.00,15.00,,,22.00,One or more data cells have counts between 1-9 and have been suppressed in accordance with NCHS confidentiality standards.
11/12/20,Delaware,"Healthcare Setting, Dead on Arrival",2/1/20,11/7/20,0.00,,0.00,0.00,0.00,0.00,One or more data cells have counts between 1-9 and have been suppressed in accordance with NCHS confidentiality standards.
11/12/20,Delaware,Decedent's Home,2/1/20,11/7/20,31.00,3072.00,30.00,,,56.00,One or more data cells have counts between 1-9 and have been suppressed in accordance with NCHS confidentiality standards.
11/12/20,Delaware,Hospice Facility,2/1/20,11/7/20,,715.00,15.00,0.00,,20.00,One or more data cells have counts between 1-9 and have been suppressed in accordance with NCHS confidentiality standards.
11/12/20,Delaware,Nursing Home or Long Term Care Facility,2/1/20,11/7/20,248.00,1247.00,85.00,46.00,,288.00,One or more data cells have counts between 1-9 and have been suppressed in accordance with NCHS confidentiality standards.
11/12/20,Delaware,Other,2/1/20,11/7/20,,481.00,,0.00,0.00,,One or more data cells have counts between 1-9 and have been suppressed in accordance with NCHS confidentiality standards.
11/12/20,Delaware,Place of Death Unknown,2/1/20,11/7/20,0.00,,0.00,0.00,0.00,0.00,One or more data cells have counts between 1-9 and have been suppressed in accordance with NCHS confidentiality standards.
11/12/20,District of Columbia,"Healthcare Setting, Inpatient",2/1/20,11/7/20,634.00,2848.00,869.00,610.00,,901.00,One or more data cells have counts between 1-9 and have been suppressed in accordance with NCHS confidentiality standards.
11/12/20,District of Columbia,"Healthcare Setting, Outpatient or Emergency Room",2/1/20,11/7/20,31.00,348.00,33.00,29.00,0.00,35.00,
11/12/20,District of Columbia,"Healthcare Setting, Dead on Arrival",2/1/20,11/7/20,0.00,0.00,0.00,0.00,0.00,0.00,
11/12/20,District of Columbia,Decedent's Home,2/1/20,11/7/20,40.00,1342.00,48.00,32.00,0.00,56.00,
11/12/20,District of Columbia,Hospice Facility,2/1/20,11/7/20,25.00,195.00,25.00,21.00,0.00,29.00,
11/12/20,District of Columbia,Nursing Home or Long Term Care Facility,2/1/20,11/7/20,59.00,447.00,69.00,56.00,0.00,72.00,
11/12/20,District of Columbia,Other,2/1/20,11/7/20,11.00,368.00,12.00,10.00,,14.00,One or more data cells have counts between 1-9 and have been suppressed in accordance with NCHS confidentiality standards.
11/12/20,District of Columbia,Place of Death Unknown,2/1/20,11/7/20,0.00,,0.00,0.00,0.00,0.00,One or more data cells have counts between 1-9 and have been suppressed in accordance with NCHS confidentiality standards.
11/12/20,Florida,"Healthcare Setting, Inpatient",2/1/20,11/7/20,11660.00,52215.00,12973.00,7083.00,237.00,17764.00,
11/12/20,Florida,"Healthcare Setting, Outpatient or Emergency Room",2/1/20,11/7/20,548.00,11683.00,500.00,202.00,10.00,856.00,
11/12/20,Florida,"Healthcare Setting, Dead on Arrival",2/1/20,11/7/20,,166.00,,0.00,0.00,,One or more data cells have counts between 1-9 and have been suppressed in accordance with NCHS confidentiality standards.
11/12/20,Florida,Decedent's Home,2/1/20,11/7/20,642.00,54573.00,1064.00,246.00,29.00,1489.00,
11/12/20,Florida,Hospice Facility,2/1/20,11/7/20,2167.00,32277.00,2966.00,1047.00,52.00,4136.00,
11/12/20,Florida,Nursing Home or Long Term Care Facility,2/1/20,11/7/20,1053.00,16579.00,794.00,278.00,,1573.00,One or more data cells have counts between 1-9 and have been suppressed in accordance with NCHS confidentiality standards.
11/12/20,Florida,Other,2/1/20,11/7/20,590.00,18119.00,704.00,251.00,,1049.00,One or more data cells have counts between 1-9 and have been suppressed in accordance with NCHS confidentiality standards.
11/12/20,Florida,Place of Death Unknown,2/1/20,11/7/20,0.00,0.00,0.00,0.00,0.00,0.00,
11/12/20,Georgia,"Healthcare Setting, Inpatient",2/1/20,11/7/20,4904.00,21874.00,4935.00,2738.00,89.00,7186.00,
11/12/20,Georgia,"Healthcare Setting, Outpatient or Emergency Room",2/1/20,11/7/20,327.00,6898.00,251.00,96.00,,490.00,One or more data cells have counts between 1-9 and have been suppressed in accordance with NCHS confidentiality standards.
11/12/20,Georgia,"Healthcare Setting, Dead on Arrival",2/1/20,11/7/20,15.00,669.00,16.00,,,28.00,One or more data cells have counts between 1-9 and have been suppressed in accordance with NCHS confidentiality standards.
11/12/20,Georgia,Decedent's Home,2/1/20,11/7/20,351.00,24978.00,407.00,105.00,,660.00,One or more data cells have counts between 1-9 and have been suppressed in accordance with NCHS confidentiality standards.
11/12/20,Georgia,Hospice Facility,2/1/20,11/7/20,318.00,5326.00,440.00,125.00,,640.00,One or more data cells have counts between 1-9 and have been suppressed in accordance with NCHS confidentiality standards.
11/12/20,Georgia,Nursing Home or Long Term Care Facility,2/1/20,11/7/20,1138.00,10331.00,571.00,284.00,,1428.00,One or more data cells have counts between 1-9 and have been suppressed in accordance with NCHS confidentiality standards.
11/12/20,Georgia,Other,2/1/20,11/7/20,63.00,4446.00,55.00,17.00,,102.00,One or more data cells have counts between 1-9 and have been suppressed in accordance with NCHS confidentiality standards.
11/12/20,Georgia,Place of Death Unknown,2/1/20,11/7/20,0.00,13.00,0.00,0.00,0.00,0.00,
11/12/20,Hawaii,"Healthcare Setting, Inpatient",2/1/20,11/7/20,204.00,2292.00,407.00,116.00,14.00,509.00,
11/12/20,Hawaii,"Healthcare Setting, Outpatient or Emergency Room",2/1/20,11/7/20,10.00,689.00,34.00,,0.00,40.00,One or more data cells have counts between 1-9 and have been suppressed in accordance with NCHS confidentiality standards.
11/12/20,Hawaii,"Healthcare Setting, Dead on Arrival",2/1/20,11/7/20,0.00,369.00,,0.00,,,One or more data cells have counts between 1-9 and have been suppressed in accordance with NCHS confidentiality standards.
11/12/20,Hawaii,Decedent's Home,2/1/20,11/7/20,17.00,3456.00,78.00,,,90.00,One or more data cells have counts between 1-9 and have been suppressed in accordance with NCHS confidentiality standards.
11/12/20,Hawaii,Hospice Facility,2/1/20,11/7/20,0.00,524.00,21.00,0.00,,22.00,One or more data cells have counts between 1-9 and have been suppressed in accordance with NCHS confidentiality standards.
11/12/20,Hawaii,Nursing Home or Long Term Care Facility,2/1/20,11/7/20,41.00,838.00,44.00,,,83.00,One or more data cells have counts between 1-9 and have been suppressed in accordance with NCHS confidentiality standards.
11/12/20,Hawaii,Other,2/1/20,11/7/20,,1010.00,22.00,,,31.00,One or more data cells have counts between 1-9 and have been suppressed in accordance with NCHS confidentiality standards.
11/12/20,Hawaii,Place of Death Unknown,2/1/20,11/7/20,0.00,0.00,0.00,0.00,0.00,0.00,
11/12/20,Idaho,"Healthcare Setting, Inpatient",2/1/20,11/7/20,346.00,2593.00,432.00,192.00,15.00,600.00,
11/12/20,Idaho,"Healthcare Setting, Outpatient or Emergency Room",2/1/20,11/7/20,11.00,408.00,13.00,,,25.00,One or more data cells have counts between 1-9 and have been suppressed in accordance with NCHS confidentiality standards.
11/12/20,Idaho,"Healthcare Setting, Dead on Arrival",2/1/20,11/7/20,0.00,15.00,0.00,0.00,0.00,0.00,
11/12/20,Idaho,Decedent's Home,2/1/20,11/7/20,95.00,5072.00,100.00,29.00,,170.00,One or more data cells have counts between 1-9 and have been suppressed in accordance with NCHS confidentiality standards.
11/12/20,Idaho,Hospice Facility,2/1/20,11/7/20,,474.00,22.00,0.00,,25.00,One or more data cells have counts between 1-9 and have been suppressed in accordance with NCHS confidentiality standards.
11/12/20,Idaho,Nursing Home or Long Term Care Facility,2/1/20,11/7/20,235.00,2786.00,138.00,52.00,,324.00,One or more data cells have counts between 1-9 and have been suppressed in accordance with NCHS confidentiality standards.
11/12/20,Idaho,Other,2/1/20,11/7/20,,700.00,13.00,,,19.00,One or more data cells have counts between 1-9 and have been suppressed in accordance with NCHS confidentiality standards.
11/12/20,Idaho,Place of Death Unknown,2/1/20,11/7/20,0.00,0.00,0.00,0.00,0.00,0.00,
11/12/20,Illinois,"Healthcare Setting, Inpatient",2/1/20,11/7/20,6127.00,28066.00,6893.00,3648.00,121.00,9488.00,
11/12/20,Illinois,"Healthcare Setting, Outpatient or Emergency Room",2/1/20,11/7/20,351.00,6795.00,315.00,112.00,,563.00,One or more data cells have counts between 1-9 and have been suppressed in accordance with NCHS confidentiality standards.
11/12/20,Illinois,"Healthcare Setting, Dead on Arrival",2/1/20,11/7/20,12.00,236.00,,,0.00,12.00,One or more data cells have counts between 1-9 and have been suppressed in accordance with NCHS confidentiality standards.
11/12/20,Illinois,Decedent's Home,2/1/20,11/7/20,406.00,31596.00,591.00,74.00,17.00,940.00,
11/12/20,Illinois,Hospice Facility,2/1/20,11/7/20,210.00,3728.00,298.00,109.00,,408.00,One or more data cells have counts between 1-9 and have been suppressed in accordance with NCHS confidentiality standards.
11/12/20,Illinois,Nursing Home or Long Term Care Facility,2/1/20,11/7/20,1748.00,17487.00,1032.00,386.00,25.00,2419.00,
11/12/20,Illinois,Other,2/1/20,11/7/20,198.00,6455.00,142.00,44.00,,299.00,One or more data cells have counts between 1-9 and have been suppressed in accordance with NCHS confidentiality standards.
11/12/20,Illinois,Place of Death Unknown,2/1/20,11/7/20,0.00,0.00,0.00,0.00,0.00,0.00,
11/12/20,Indiana,"Healthcare Setting, Inpatient",2/1/20,11/7/20,2441.00,15964.00,3627.00,1545.00,89.00,4608.00,
11/12/20,Indiana,"Healthcare Setting, Outpatient or Emergency Room",2/1/20,11/7/20,73.00,2221.00,95.00,24.00,,147.00,One or more data cells have counts between 1-9 and have been suppressed in accordance with NCHS confidentiality standards.
11/12/20,Indiana,"Healthcare Setting, Dead on Arrival",2/1/20,11/7/20,0.00,41.00,0.00,0.00,0.00,0.00,
11/12/20,Indiana,Decedent's Home,2/1/20,11/7/20,177.00,18874.00,429.00,44.00,13.00,575.00,
11/12/20,Indiana,Hospice Facility,2/1/20,11/7/20,69.00,2269.00,191.00,45.00,,222.00,One or more data cells have counts between 1-9 and have been suppressed in accordance with NCHS confidentiality standards.
11/12/20,Indiana,Nursing Home or Long Term Care Facility,2/1/20,11/7/20,1749.00,13846.00,867.00,311.00,19.00,2324.00,
11/12/20,Indiana,Other,2/1/20,11/7/20,29.00,2725.00,43.00,,,72.00,One or more data cells have counts between 1-9 and have been suppressed in accordance with NCHS confidentiality standards.
11/12/20,Indiana,Place of Death Unknown,2/1/20,11/7/20,0.00,12.00,0.00,0.00,0.00,0.00,
11/12/20,Iowa,"Healthcare Setting, Inpatient",2/1/20,11/7/20,927.00,6098.00,1115.00,457.00,41.00,1626.00,
11/12/20,Iowa,"Healthcare Setting, Outpatient or Emergency Room",2/1/20,11/7/20,38.00,1181.00,37.00,,,72.00,One or more data cells have counts between 1-9 and have been suppressed in accordance with NCHS confidentiality standards.
11/12/20,Iowa,"Healthcare Setting, Dead on Arrival",2/1/20,11/7/20,,35.00,,,,,One or more data cells have counts between 1-9 and have been suppressed in accordance with NCHS confidentiality standards.
11/12/20,Iowa,Decedent's Home,2/1/20,11/7/20,84.00,7112.00,159.00,15.00,,237.00,One or more data cells have counts between 1-9 and have been suppressed in accordance with NCHS confidentiality standards.
11/12/20,Iowa,Hospice Facility,2/1/20,11/7/20,40.00,2204.00,168.00,,10.00,209.00,One or more data cells have counts between 1-9 and have been suppressed in accordance with NCHS confidentiality standards.
11/12/20,Iowa,Nursing Home or Long Term Care Facility,2/1/20,11/7/20,786.00,7717.00,356.00,95.00,23.00,1070.00,
11/12/20,Iowa,Other,2/1/20,11/7/20,12.00,719.00,11.00,,0.00,21.00,One or more data cells have counts between 1-9 and have been suppressed in accordance with NCHS confidentiality standards.
11/12/20,Iowa,Place of Death Unknown,2/1/20,11/7/20,,,0.00,0.00,0.00,,One or more data cells have counts between 1-9 and have been suppressed in accordance with NCHS confidentiality standards.
11/12/20,Kansas,"Healthcare Setting, Inpatient",2/1/20,11/7/20,682.00,5580.00,1014.00,365.00,50.00,1381.00,
11/12/20,Kansas,"Healthcare Setting, Outpatient or Emergency Room",2/1/20,11/7/20,30.00,881.00,37.00,10.00,,59.00,One or more data cells have counts between 1-9 and have been suppressed in accordance with NCHS confidentiality standards.
11/12/20,Kansas,"Healthcare Setting, Dead on Arrival",2/1/20,11/7/20,,22.00,0.00,0.00,0.00,,One or more data cells have counts between 1-9 and have been suppressed in accordance with NCHS confidentiality standards.
11/12/20,Kansas,Decedent's Home,2/1/20,11/7/20,81.00,7242.00,141.00,15.00,13.00,220.00,
11/12/20,Kansas,Hospice Facility,2/1/20,11/7/20,11.00,1161.00,85.00,,,97.00,One or more data cells have counts between 1-9 and have been suppressed in accordance with NCHS confidentiality standards.
11/12/20,Kansas,Nursing Home or Long Term Care Facility,2/1/20,11/7/20,381.00,5778.00,251.00,87.00,18.00,563.00,
11/12/20,Kansas,Other,2/1/20,11/7/20,,1202.00,18.00,,0.00,26.00,One or more data cells have counts between 1-9 and have been suppressed in accordance with NCHS confidentiality standards.
11/12/20,Kansas,Place of Death Unknown,2/1/20,11/7/20,0.00,0.00,0.00,0.00,0.00,0.00,
11/12/20,Kentucky,"Healthcare Setting, Inpatient",2/1/20,11/7/20,1125.00,11993.00,2577.00,657.00,68.00,3111.00,
11/12/20,Kentucky,"Healthcare Setting, Outpatient or Emergency Room",2/1/20,11/7/20,63.00,2981.00,101.00,17.00,,151.00,One or more data cells have counts between 1-9 and have been suppressed in accordance with NCHS confidentiality standards.
11/12/20,Kentucky,"Healthcare Setting, Dead on Arrival",2/1/20,11/7/20,,55.00,0.00,0.00,0.00,,One or more data cells have counts between 1-9 and have been suppressed in accordance with NCHS confidentiality standards.
11/12/20,Kentucky,Decedent's Home,2/1/20,11/7/20,70.00,13056.00,303.00,23.00,17.00,367.00,
11/12/20,Kentucky,Hospice Facility,2/1/20,11/7/20,67.00,3018.00,162.00,13.00,11.00,227.00,
11/12/20,Kentucky,Nursing Home or Long Term Care Facility,2/1/20,11/7/20,343.00,5615.00,295.00,57.00,,583.00,One or more data cells have counts between 1-9 and have been suppressed in accordance with NCHS confidentiality standards.
11/12/20,Kentucky,Other,2/1/20,11/7/20,,1856.00,26.00,,0.00,33.00,One or more data cells have counts between 1-9 and have been suppressed in accordance with NCHS confidentiality standards.
11/12/20,Kentucky,Place of Death Unknown,2/1/20,11/7/20,0.00,,0.00,0.00,0.00,0.00,One or more data cells have counts between 1-9 and have been suppressed in accordance with NCHS confidentiality standards.
11/12/20,Louisiana,"Healthcare Setting, Inpatient",2/1/20,11/7/20,3798.00,12854.00,3019.00,2008.00,58.00,4862.00,
11/12/20,Louisiana,"Healthcare Setting, Outpatient or Emergency Room",2/1/20,11/7/20,244.00,2598.00,206.00,113.00,,340.00,One or more data cells have counts between 1-9 and have been suppressed in accordance with NCHS confidentiality standards.
11/12/20,Louisiana,"Healthcare Setting, Dead on Arrival",2/1/20,11/7/20,,37.00,,,0.00,,One or more data cells have counts between 1-9 and have been suppressed in accordance with NCHS confidentiality standards.
11/12/20,Louisiana,Decedent's Home,2/1/20,11/7/20,295.00,15105.00,281.00,87.00,,498.00,One or more data cells have counts between 1-9 and have been suppressed in accordance with NCHS confidentiality standards.
11/12/20,Louisiana,Hospice Facility,2/1/20,11/7/20,201.00,1992.00,160.00,103.00,,260.00,One or more data cells have counts between 1-9 and have been suppressed in accordance with NCHS confidentiality standards.
11/12/20,Louisiana,Nursing Home or Long Term Care Facility,2/1/20,11/7/20,762.00,6488.00,482.00,298.00,,947.00,One or more data cells have counts between 1-9 and have been suppressed in accordance with NCHS confidentiality standards.
11/12/20,Louisiana,Other,2/1/20,11/7/20,54.00,2525.00,55.00,15.00,,95.00,One or more data cells have counts between 1-9 and have been suppressed in accordance with NCHS confidentiality standards.
11/12/20,Louisiana,Place of Death Unknown,2/1/20,11/7/20,0.00,0.00,0.00,0.00,0.00,0.00,
11/12/20,Maine,"Healthcare Setting, Inpatient",2/1/20,11/7/20,80.00,2535.00,407.00,28.00,22.00,481.00,
11/12/20,Maine,"Healthcare Setting, Outpatient or Emergency Room",2/1/20,11/7/20,,350.00,23.00,0.00,,25.00,One or more data cells have counts between 1-9 and have been suppressed in accordance with NCHS confidentiality standards.
11/12/20,Maine,"Healthcare Setting, Dead on Arrival",2/1/20,11/7/20,0.00,,,0.00,0.00,,One or more data cells have counts between 1-9 and have been suppressed in accordance with NCHS confidentiality standards.
11/12/20,Maine,Decedent's Home,2/1/20,11/7/20,12.00,4387.00,110.00,,,120.00,One or more data cells have counts between 1-9 and have been suppressed in accordance with NCHS confidentiality standards.
11/12/20,Maine,Hospice Facility,2/1/20,11/7/20,0.00,1273.00,36.00,0.00,,38.00,One or more data cells have counts between 1-9 and have been suppressed in accordance with NCHS confidentiality standards.
11/12/20,Maine,Nursing Home or Long Term Care Facility,2/1/20,11/7/20,77.00,2505.00,138.00,,,211.00,One or more data cells have counts between 1-9 and have been suppressed in accordance with NCHS confidentiality standards.
11/12/20,Maine,Other,2/1/20,11/7/20,,717.00,,0.00,0.00,12.00,One or more data cells have counts between 1-9 and have been suppressed in accordance with NCHS confidentiality standards.
11/12/20,Maine,Place of Death Unknown,2/1/20,11/7/20,0.00,,0.00,0.00,0.00,0.00,One or more data cells have counts between 1-9 and have been suppressed in accordance with NCHS confidentiality standards.
11/12/20,Maryland,"Healthcare Setting, Inpatient",2/1/20,11/7/20,2514.00,11304.00,2682.00,1246.00,92.00,4029.00,
11/12/20,Maryland,"Healthcare Setting, Outpatient or Emergency Room",2/1/20,11/7/20,180.00,2988.00,128.00,25.00,,285.00,One or more data cells have counts between 1-9 and have been suppressed in accordance with NCHS confidentiality standards.
11/12/20,Maryland,"Healthcare Setting, Dead on Arrival",2/1/20,11/7/20,,51.00,,,0.00,,One or more data cells have counts between 1-9 and have been suppressed in accordance with NCHS confidentiality standards.
11/12/20,Maryland,Decedent's Home,2/1/20,11/7/20,198.00,14722.00,254.00,35.00,,425.00,One or more data cells have counts between 1-9 and have been suppressed in accordance with NCHS confidentiality standards.
11/12/20,Maryland,Hospice Facility,2/1/20,11/7/20,379.00,4585.00,521.00,142.00,12.00,769.00,
11/12/20,Maryland,Nursing Home or Long Term Care Facility,2/1/20,11/7/20,1119.00,6920.00,492.00,211.00,13.00,1411.00,
11/12/20,Maryland,Other,2/1/20,11/7/20,167.00,4571.00,125.00,30.00,,263.00,One or more data cells have counts between 1-9 and have been suppressed in accordance with NCHS confidentiality standards.
11/12/20,Maryland,Place of Death Unknown,2/1/20,11/7/20,0.00,0.00,0.00,0.00,0.00,0.00,
11/12/20,Massachusetts,"Healthcare Setting, Inpatient",2/1/20,11/7/20,4058.00,16611.00,4010.00,2120.00,115.00,6061.00,
11/12/20,Massachusetts,"Healthcare Setting, Outpatient or Emergency Room",2/1/20,11/7/20,187.00,3441.00,159.00,48.00,,304.00,One or more data cells have counts between 1-9 and have been suppressed in accordance with NCHS confidentiality standards.
11/12/20,Massachusetts,"Healthcare Setting, Dead on Arrival",2/1/20,11/7/20,,401.00,,0.00,0.00,,One or more data cells have counts between 1-9 and have been suppressed in accordance with NCHS confidentiality standards.
11/12/20,Massachusetts,Decedent's Home,2/1/20,11/7/20,224.00,14858.00,310.00,52.00,18.00,499.00,
11/12/20,Massachusetts,Hospice Facility,2/1/20,11/7/20,42.00,2323.00,128.00,26.00,11.00,155.00,
11/12/20,Massachusetts,Nursing Home or Long Term Care Facility,2/1/20,11/7/20,3562.00,12232.00,1180.00,690.00,14.00,4064.00,
11/12/20,Massachusetts,Other,2/1/20,11/7/20,243.00,3234.00,95.00,31.00,,308.00,One or more data cells have counts between 1-9 and have been suppressed in accordance with NCHS confidentiality standards.
11/12/20,Massachusetts,Place of Death Unknown,2/1/20,11/7/20,0.00,0.00,0.00,0.00,0.00,0.00,
11/12/20,Michigan,"Healthcare Setting, Inpatient",2/1/20,11/7/20,4941.00,24601.00,5759.00,2859.00,180.00,8017.00,
11/12/20,Michigan,"Healthcare Setting, Outpatient or Emergency Room",2/1/20,11/7/20,281.00,4774.00,310.00,105.00,12.00,498.00,
11/12/20,Michigan,"Healthcare Setting, Dead on Arrival",2/1/20,11/7/20,,117.00,,,0.00,,One or more data cells have counts between 1-9 and have been suppressed in accordance with NCHS confidentiality standards.
11/12/20,Michigan,Decedent's Home,2/1/20,11/7/20,385.00,31332.00,493.00,96.00,18.00,800.00,
11/12/20,Michigan,Hospice Facility,2/1/20,11/7/20,189.00,6702.00,202.00,39.00,,355.00,One or more data cells have counts between 1-9 and have been suppressed in accordance with NCHS confidentiality standards.
11/12/20,Michigan,Nursing Home or Long Term Care Facility,2/1/20,11/7/20,985.00,12584.00,627.00,199.00,26.00,1438.00,
11/12/20,Michigan,Other,2/1/20,11/7/20,62.00,2230.00,64.00,26.00,,104.00,One or more data cells have counts between 1-9 and have been suppressed in accordance with NCHS confidentiality standards.
11/12/20,Michigan,Place of Death Unknown,2/1/20,11/7/20,45.00,2609.00,38.00,,,75.00,One or more data cells have counts between 1-9 and have been suppressed in accordance with NCHS confidentiality standards.
11/12/20,Minnesota,"Healthcare Setting, Inpatient",2/1/20,11/7/20,958.00,8612.00,1502.00,478.00,76.00,2057.00,
11/12/20,Minnesota,"Healthcare Setting, Outpatient or Emergency Room",2/1/20,11/7/20,43.00,1302.00,57.00,12.00,,89.00,One or more data cells have counts between 1-9 and have been suppressed in accordance with NCHS confidentiality standards.
11/12/20,Minnesota,"Healthcare Setting, Dead on Arrival",2/1/20,11/7/20,0.00,37.00,0.00,0.00,0.00,0.00,
11/12/20,Minnesota,Decedent's Home,2/1/20,11/7/20,189.00,12580.00,343.00,35.00,13.00,510.00,
11/12/20,Minnesota,Hospice Facility,2/1/20,11/7/20,10.00,1227.00,49.00,,,61.00,One or more data cells have counts between 1-9 and have been suppressed in accordance with NCHS confidentiality standards.
11/12/20,Minnesota,Nursing Home or Long Term Care Facility,2/1/20,11/7/20,1321.00,11702.00,700.00,210.00,27.00,1838.00,
11/12/20,Minnesota,Other,2/1/20,11/7/20,43.00,1992.00,50.00,,,86.00,One or more data cells have counts between 1-9 and have been suppressed in accordance with NCHS confidentiality standards.
11/12/20,Minnesota,Place of Death Unknown,2/1/20,11/7/20,0.00,24.00,0.00,0.00,0.00,0.00,
11/12/20,Mississippi,"Healthcare Setting, Inpatient",2/1/20,11/7/20,2417.00,9456.00,2803.00,1481.00,40.00,3775.00,
11/12/20,Mississippi,"Healthcare Setting, Outpatient or Emergency Room",2/1/20,11/7/20,143.00,2470.00,148.00,48.00,,249.00,One or more data cells have counts between 1-9 and have been suppressed in accordance with NCHS confidentiality standards.
11/12/20,Mississippi,"Healthcare Setting, Dead on Arrival",2/1/20,11/7/20,,61.00,,,0.00,,One or more data cells have counts between 1-9 and have been suppressed in accordance with NCHS confidentiality standards.
11/12/20,Mississippi,Decedent's Home,2/1/20,11/7/20,176.00,9843.00,174.00,30.00,,329.00,One or more data cells have counts between 1-9 and have been suppressed in accordance with NCHS confidentiality standards.
11/12/20,Mississippi,Hospice Facility,2/1/20,11/7/20,13.00,1290.00,86.00,,,97.00,One or more data cells have counts between 1-9 and have been suppressed in accordance with NCHS confidentiality standards.
11/12/20,Mississippi,Nursing Home or Long Term Care Facility,2/1/20,11/7/20,520.00,3927.00,266.00,135.00,,652.00,One or more data cells have counts between 1-9 and have been suppressed in accordance with NCHS confidentiality standards.
11/12/20,Mississippi,Other,2/1/20,11/7/20,18.00,1822.00,14.00,,0.00,29.00,One or more data cells have counts between 1-9 and have been suppressed in accordance with NCHS confidentiality standards.
11/12/20,Mississippi,Place of Death Unknown,2/1/20,11/7/20,,,0.00,0.00,0.00,,One or more data cells have counts between 1-9 and have been suppressed in accordance with NCHS confidentiality standards.
11/12/20,Missouri,"Healthcare Setting, Inpatient",2/1/20,11/7/20,1978.00,15013.00,2610.00,982.00,122.00,3727.00,
11/12/20,Missouri,"Healthcare Setting, Outpatient or Emergency Room",2/1/20,11/7/20,80.00,2999.00,106.00,21.00,10.00,175.00,
11/12/20,Missouri,"Healthcare Setting, Dead on Arrival",2/1/20,11/7/20,0.00,44.00,0.00,0.00,,,One or more data cells have counts between 1-9 and have been suppressed in accordance with NCHS confidentiality standards.
11/12/20,Missouri,Decedent's Home,2/1/20,11/7/20,152.00,18308.00,294.00,35.00,14.00,425.00,
11/12/20,Missouri,Hospice Facility,2/1/20,11/7/20,23.00,2078.00,71.00,,12.00,100.00,One or more data cells have counts between 1-9 and have been suppressed in accordance with NCHS confidentiality standards.
11/12/20,Missouri,Nursing Home or Long Term Care Facility,2/1/20,11/7/20,1056.00,12224.00,564.00,183.00,19.00,1456.00,
11/12/20,Missouri,Other,2/1/20,11/7/20,20.00,2633.00,29.00,,,46.00,One or more data cells have counts between 1-9 and have been suppressed in accordance with NCHS confidentiality standards.
11/12/20,Missouri,Place of Death Unknown,2/1/20,11/7/20,0.00,0.00,0.00,0.00,0.00,0.00,
11/12/20,Montana,"Healthcare Setting, Inpatient",2/1/20,11/7/20,267.00,2313.00,382.00,154.00,19.00,514.00,
11/12/20,Montana,"Healthcare Setting, Outpatient or Emergency Room",2/1/20,11/7/20,12.00,300.00,13.00,,0.00,21.00,One or more data cells have counts between 1-9 and have been suppressed in accordance with NCHS confidentiality standards.
11/12/20,Montana,"Healthcare Setting, Dead on Arrival",2/1/20,11/7/20,,12.00,0.00,0.00,0.00,,One or more data cells have counts between 1-9 and have been suppressed in accordance with NCHS confidentiality standards.
11/12/20,Montana,Decedent's Home,2/1/20,11/7/20,29.00,3044.00,54.00,,,82.00,One or more data cells have counts between 1-9 and have been suppressed in accordance with NCHS confidentiality standards.
11/12/20,Montana,Hospice Facility,2/1/20,11/7/20,,342.00,18.00,0.00,,20.00,One or more data cells have counts between 1-9 and have been suppressed in accordance with NCHS confidentiality standards.
11/12/20,Montana,Nursing Home or Long Term Care Facility,2/1/20,11/7/20,101.00,1967.00,67.00,20.00,12.00,160.00,
11/12/20,Montana,Other,2/1/20,11/7/20,,494.00,,,0.00,,One or more data cells have counts between 1-9 and have been suppressed in accordance with NCHS confidentiality standards.
11/12/20,Montana,Place of Death Unknown,2/1/20,11/7/20,0.00,0.00,0.00,0.00,0.00,0.00,
11/12/20,Nebraska,"Healthcare Setting, Inpatient",2/1/20,11/7/20,503.00,3786.00,699.00,249.00,17.00,970.00,
11/12/20,Nebraska,"Healthcare Setting, Outpatient or Emergency Room",2/1/20,11/7/20,24.00,765.00,31.00,,,52.00,One or more data cells have counts between 1-9 and have been suppressed in accordance with NCHS confidentiality standards.
11/12/20,Nebraska,"Healthcare Setting, Dead on Arrival",2/1/20,11/7/20,0.00,,0.00,0.00,0.00,0.00,One or more data cells have counts between 1-9 and have been suppressed in accordance with NCHS confidentiality standards.
11/12/20,Nebraska,Decedent's Home,2/1/20,11/7/20,51.00,4035.00,111.00,,,156.00,One or more data cells have counts between 1-9 and have been suppressed in accordance with NCHS confidentiality standards.
11/12/20,Nebraska,Hospice Facility,2/1/20,11/7/20,0.00,333.00,20.00,0.00,,21.00,One or more data cells have counts between 1-9 and have been suppressed in accordance with NCHS confidentiality standards.
11/12/20,Nebraska,Nursing Home or Long Term Care Facility,2/1/20,11/7/20,165.00,3459.00,184.00,46.00,,308.00,One or more data cells have counts between 1-9 and have been suppressed in accordance with NCHS confidentiality standards.
11/12/20,Nebraska,Other,2/1/20,11/7/20,40.00,1501.00,29.00,,,68.00,One or more data cells have counts between 1-9 and have been suppressed in accordance with NCHS confidentiality standards.
11/12/20,Nebraska,Place of Death Unknown,2/1/20,11/7/20,0.00,0.00,0.00,0.00,0.00,0.00,
11/12/20,Nevada,"Healthcare Setting, Inpatient",2/1/20,11/7/20,1315.00,7098.00,2045.00,1084.00,26.00,2302.00,
11/12/20,Nevada,"Healthcare Setting, Outpatient or Emergency Room",2/1/20,11/7/20,54.00,1926.00,85.00,31.00,,112.00,One or more data cells have counts between 1-9 and have been suppressed in accordance with NCHS confidentiality standards.
11/12/20,Nevada,"Healthcare Setting, Dead on Arrival",2/1/20,11/7/20,0.00,,0.00,0.00,0.00,0.00,One or more data cells have counts between 1-9 and have been suppressed in accordance with NCHS confidentiality standards.
11/12/20,Nevada,Decedent's Home,2/1/20,11/7/20,86.00,7765.00,92.00,19.00,,168.00,One or more data cells have counts between 1-9 and have been suppressed in accordance with NCHS confidentiality standards.
11/12/20,Nevada,Hospice Facility,2/1/20,11/7/20,197.00,3840.00,196.00,116.00,,279.00,One or more data cells have counts between 1-9 and have been suppressed in accordance with NCHS confidentiality standards.
11/12/20,Nevada,Nursing Home or Long Term Care Facility,2/1/20,11/7/20,34.00,518.00,43.00,23.00,0.00,54.00,
11/12/20,Nevada,Other,2/1/20,11/7/20,25.00,1305.00,47.00,17.00,0.00,55.00,
11/12/20,Nevada,Place of Death Unknown,2/1/20,11/7/20,0.00,0.00,0.00,0.00,0.00,0.00,
11/12/20,New Hampshire,"Healthcare Setting, Inpatient",2/1/20,11/7/20,183.00,2554.00,369.00,98.00,28.00,480.00,
11/12/20,New Hampshire,"Healthcare Setting, Outpatient or Emergency Room",2/1/20,11/7/20,,400.00,14.00,0.00,,21.00,One or more data cells have counts between 1-9 and have been suppressed in accordance with NCHS confidentiality standards.
11/12/20,New Hampshire,"Healthcare Setting, Dead on Arrival",2/1/20,11/7/20,0.00,12.00,0.00,0.00,0.00,0.00,
11/12/20,New Hampshire,Decedent's Home,2/1/20,11/7/20,,3735.00,57.00,,,64.00,One or more data cells have counts between 1-9 and have been suppressed in accordance with NCHS confidentiality standards.
11/12/20,New Hampshire,Hospice Facility,2/1/20,11/7/20,,384.00,15.00,,0.00,18.00,One or more data cells have counts between 1-9 and have been suppressed in accordance with NCHS confidentiality standards.
11/12/20,New Hampshire,Nursing Home or Long Term Care Facility,2/1/20,11/7/20,259.00,2497.00,129.00,23.00,,366.00,One or more data cells have counts between 1-9 and have been suppressed in accordance with NCHS confidentiality standards.
11/12/20,New Hampshire,Other,2/1/20,11/7/20,10.00,645.00,12.00,,0.00,20.00,One or more data cells have counts between 1-9 and have been suppressed in accordance with NCHS confidentiality standards.
11/12/20,New Hampshire,Place of Death Unknown,2/1/20,11/7/20,0.00,,0.00,0.00,0.00,0.00,One or more data cells have counts between 1-9 and have been suppressed in accordance with NCHS confidentiality standards.
11/12/20,New Jersey,"Healthcare Setting, Inpatient",2/1/20,11/7/20,9070.00,26028.00,7558.00,5272.00,83.00,11430.00,
11/12/20,New Jersey,"Healthcare Setting, Outpatient or Emergency Room",2/1/20,11/7/20,455.00,3890.00,282.00,139.00,,601.00,One or more data cells have counts between 1-9 and have been suppressed in accordance with NCHS confidentiality standards.
11/12/20,New Jersey,"Healthcare Setting, Dead on Arrival",2/1/20,11/7/20,23.00,258.00,11.00,,0.00,30.00,One or more data cells have counts between 1-9 and have been suppressed in accordance with NCHS confidentiality standards.
11/12/20,New Jersey,Decedent's Home,2/1/20,11/7/20,682.00,21986.00,389.00,127.00,14.00,956.00,
11/12/20,New Jersey,Hospice Facility,2/1/20,11/7/20,297.00,2421.00,196.00,117.00,,379.00,One or more data cells have counts between 1-9 and have been suppressed in accordance with NCHS confidentiality standards.
11/12/20,New Jersey,Nursing Home or Long Term Care Facility,2/1/20,11/7/20,3914.00,15836.00,2032.00,1315.00,14.00,4644.00,
11/12/20,New Jersey,Other,2/1/20,11/7/20,218.00,3597.00,124.00,75.00,,270.00,One or more data cells have counts between 1-9 and have been suppressed in accordance with NCHS confidentiality standards.
11/12/20,New Jersey,Place of Death Unknown,2/1/20,11/7/20,,,,,0.00,,One or more data cells have counts between 1-9 and have been suppressed in accordance with NCHS confidentiality standards.
11/12/20,New Mexico,"Healthcare Setting, Inpatient",2/1/20,11/7/20,633.00,3735.00,844.00,367.00,16.00,1126.00,
11/12/20,New Mexico,"Healthcare Setting, Outpatient or Emergency Room",2/1/20,11/7/20,31.00,663.00,38.00,13.00,,58.00,One or more data cells have counts between 1-9 and have been suppressed in accordance with NCHS confidentiality standards.
11/12/20,New Mexico,"Healthcare Setting, Dead on Arrival",2/1/20,11/7/20,,16.00,0.00,0.00,0.00,,One or more data cells have counts between 1-9 and have been suppressed in accordance with NCHS confidentiality standards.
11/12/20,New Mexico,Decedent's Home,2/1/20,11/7/20,72.00,6811.00,136.00,25.00,11.00,194.00,
11/12/20,New Mexico,Hospice Facility,2/1/20,11/7/20,,482.00,36.00,,0.00,37.00,One or more data cells have counts between 1-9 and have been suppressed in accordance with NCHS confidentiality standards.
11/12/20,New Mexico,Nursing Home or Long Term Care Facility,2/1/20,11/7/20,199.00,2413.00,118.00,34.00,0.00,283.00,
11/12/20,New Mexico,Other,2/1/20,11/7/20,17.00,1330.00,15.00,,0.00,29.00,One or more data cells have counts between 1-9 and have been suppressed in accordance with NCHS confidentiality standards.
11/12/20,New Mexico,Place of Death Unknown,2/1/20,11/7/20,0.00,,0.00,0.00,0.00,0.00,One or more data cells have counts between 1-9 and have been suppressed in accordance with NCHS confidentiality standards.
11/12/20,New York,"Healthcare Setting, Inpatient",2/1/20,11/7/20,7314.00,28110.00,7706.00,4199.00,120.00,10939.00,
11/12/20,New York,"Healthcare Setting, Outpatient or Emergency Room",2/1/20,11/7/20,342.00,5013.00,335.00,116.00,,567.00,One or more data cells have counts between 1-9 and have been suppressed in accordance with NCHS confidentiality standards.
11/12/20,New York,"Healthcare Setting, Dead on Arrival",2/1/20,11/7/20,24.00,474.00,13.00,,,31.00,One or more data cells have counts between 1-9 and have been suppressed in accordance with NCHS confidentiality standards.
11/12/20,New York,Decedent's Home,2/1/20,11/7/20,568.00,28887.00,693.00,155.00,39.00,1135.00,
11/12/20,New York,Hospice Facility,2/1/20,11/7/20,446.00,5994.00,660.00,295.00,17.00,824.00,
11/12/20,New York,Nursing Home or Long Term Care Facility,2/1/20,11/7/20,3123.00,20173.00,2115.00,905.00,32.00,4362.00,
11/12/20,New York,Other,2/1/20,11/7/20,178.00,2552.00,93.00,41.00,,232.00,One or more data cells have counts between 1-9 and have been suppressed in accordance with NCHS confidentiality standards.
11/12/20,New York,Place of Death Unknown,2/1/20,11/7/20,,41.00,,,0.00,,One or more data cells have counts between 1-9 and have been suppressed in accordance with NCHS confidentiality standards.
11/12/20,New York City,"Healthcare Setting, Inpatient",2/1/20,11/7/20,15200.00,32845.00,9474.00,6668.00,92.00,18092.00,
11/12/20,New York City,"Healthcare Setting, Outpatient or Emergency Room",2/1/20,11/7/20,1384.00,5391.00,848.00,529.00,11.00,1712.00,
11/12/20,New York City,"Healthcare Setting, Dead on Arrival",2/1/20,11/7/20,25.00,350.00,14.00,,,33.00,One or more data cells have counts between 1-9 and have been suppressed in accordance with NCHS confidentiality standards.
11/12/20,New York City,Decedent's Home,2/1/20,11/7/20,1947.00,17815.00,200.00,95.00,842.00,2083.00,
11/12/20,New York City,Hospice Facility,2/1/20,11/7/20,12.00,541.00,38.00,,,46.00,One or more data cells have counts between 1-9 and have been suppressed in accordance with NCHS confidentiality standards.
11/12/20,New York City,Nursing Home or Long Term Care Facility,2/1/20,11/7/20,2351.00,10257.00,1051.00,730.00,,2677.00,One or more data cells have counts between 1-9 and have been suppressed in accordance with NCHS confidentiality standards.
11/12/20,New York City,Other,2/1/20,11/7/20,41.00,922.00,,,15.00,47.00,One or more data cells have counts between 1-9 and have been suppressed in accordance with NCHS confidentiality standards.
11/12/20,New York City,Place of Death Unknown,2/1/20,11/7/20,0.00,0.00,0.00,0.00,0.00,0.00,
11/12/20,North Carolina,"Healthcare Setting, Inpatient",2/1/20,11/7/20,1839.00,16055.00,2922.00,924.00,168.00,4004.00,
11/12/20,North Carolina,"Healthcare Setting, Outpatient or Emergency Room",2/1/20,11/7/20,57.00,2794.00,100.00,16.00,,149.00,One or more data cells have counts between 1-9 and have been suppressed in accordance with NCHS confidentiality standards.
11/12/20,North Carolina,"Healthcare Setting, Dead on Arrival",2/1/20,11/7/20,,324.00,,0.00,0.00,,One or more data cells have counts between 1-9 and have been suppressed in accordance with NCHS confidentiality standards.
11/12/20,North Carolina,Decedent's Home,2/1/20,11/7/20,126.00,20884.00,343.00,31.00,20.00,456.00,
11/12/20,North Carolina,Hospice Facility,2/1/20,11/7/20,69.00,7576.00,393.00,26.00,13.00,449.00,
11/12/20,North Carolina,Nursing Home or Long Term Care Facility,2/1/20,11/7/20,732.00,10218.00,636.00,145.00,18.00,1241.00,
11/12/20,North Carolina,Other,2/1/20,11/7/20,35.00,3857.00,48.00,,,82.00,One or more data cells have counts between 1-9 and have been suppressed in accordance with NCHS confidentiality standards.
11/12/20,North Carolina,Place of Death Unknown,2/1/20,11/7/20,,102.00,,,0.00,11.00,One or more data cells have counts between 1-9 and have been suppressed in accordance with NCHS confidentiality standards.
11/12/20,North Dakota,"Healthcare Setting, Inpatient",2/1/20,11/7/20,299.00,2245.00,473.00,197.00,17.00,592.00,
11/12/20,North Dakota,"Healthcare Setting, Outpatient or Emergency Room",2/1/20,11/7/20,,258.00,,0.00,0.00,11.00,One or more data cells have counts between 1-9 and have been suppressed in accordance with NCHS confidentiality standards.
11/12/20,North Dakota,"Healthcare Setting, Dead on Arrival",2/1/20,11/7/20,0.00,17.00,0.00,0.00,0.00,0.00,
11/12/20,North Dakota,Decedent's Home,2/1/20,11/7/20,18.00,1321.00,25.00,,,41.00,One or more data cells have counts between 1-9 and have been suppressed in accordance with NCHS confidentiality standards.
11/12/20,North Dakota,Hospice Facility,2/1/20,11/7/20,0.00,37.00,0.00,0.00,0.00,0.00,
11/12/20,North Dakota,Nursing Home or Long Term Care Facility,2/1/20,11/7/20,221.00,1871.00,126.00,48.00,,301.00,One or more data cells have counts between 1-9 and have been suppressed in accordance with NCHS confidentiality standards.
11/12/20,North Dakota,Other,2/1/20,11/7/20,,234.00,,,0.00,,One or more data cells have counts between 1-9 and have been suppressed in accordance with NCHS confidentiality standards.
11/12/20,North Dakota,Place of Death Unknown,2/1/20,11/7/20,0.00,,0.00,0.00,0.00,0.00,One or more data cells have counts between 1-9 and have been suppressed in accordance with NCHS confidentiality standards.
11/12/20,Ohio,"Healthcare Setting, Inpatient",2/1/20,11/7/20,2831.00,24303.00,3992.00,1559.00,167.00,5431.00,
11/12/20,Ohio,"Healthcare Setting, Outpatient or Emergency Room",2/1/20,11/7/20,116.00,6209.00,204.00,38.00,,290.00,One or more data cells have counts between 1-9 and have been suppressed in accordance with NCHS confidentiality standards.
11/12/20,Ohio,"Healthcare Setting, Dead on Arrival",2/1/20,11/7/20,,245.00,12.00,,0.00,13.00,One or more data cells have counts between 1-9 and have been suppressed in accordance with NCHS confidentiality standards.
11/12/20,Ohio,Decedent's Home,2/1/20,11/7/20,207.00,30496.00,519.00,74.00,39.00,691.00,
11/12/20,Ohio,Hospice Facility,2/1/20,11/7/20,309.00,9219.00,584.00,157.00,21.00,757.00,
11/12/20,Ohio,Nursing Home or Long Term Care Facility,2/1/20,11/7/20,1903.00,24082.00,1272.00,487.00,28.00,2715.00,
11/12/20,Ohio,Other,2/1/20,11/7/20,57.00,4645.00,68.00,12.00,,114.00,One or more data cells have counts between 1-9 and have been suppressed in accordance with NCHS confidentiality standards.
11/12/20,Ohio,Place of Death Unknown,2/1/20,11/7/20,,38.00,,0.00,0.00,,One or more data cells have counts between 1-9 and have been suppressed in accordance with NCHS confidentiality standards.
11/12/20,Oklahoma,"Healthcare Setting, Inpatient",2/1/20,11/7/20,1126.00,8998.00,2153.00,551.00,91.00,2813.00,
11/12/20,Oklahoma,"Healthcare Setting, Outpatient or Emergency Room",2/1/20,11/7/20,76.00,2522.00,97.00,13.00,,165.00,One or more data cells have counts between 1-9 and have been suppressed in accordance with NCHS confidentiality standards.
11/12/20,Oklahoma,"Healthcare Setting, Dead on Arrival",2/1/20,11/7/20,0.00,17.00,,0.00,0.00,,One or more data cells have counts between 1-9 and have been suppressed in accordance with NCHS confidentiality standards.
11/12/20,Oklahoma,Decedent's Home,2/1/20,11/7/20,102.00,11711.00,283.00,19.00,11.00,376.00,
11/12/20,Oklahoma,Hospice Facility,2/1/20,11/7/20,,975.00,83.00,,,90.00,One or more data cells have counts between 1-9 and have been suppressed in accordance with NCHS confidentiality standards.
11/12/20,Oklahoma,Nursing Home or Long Term Care Facility,2/1/20,11/7/20,322.00,5385.00,261.00,51.00,,534.00,One or more data cells have counts between 1-9 and have been suppressed in accordance with NCHS confidentiality standards.
11/12/20,Oklahoma,Other,2/1/20,11/7/20,29.00,1896.00,33.00,,,60.00,One or more data cells have counts between 1-9 and have been suppressed in accordance with NCHS confidentiality standards.
11/12/20,Oklahoma,Place of Death Unknown,2/1/20,11/7/20,0.00,0.00,0.00,0.00,0.00,0.00,
11/12/20,Oregon,"Healthcare Setting, Inpatient",2/1/20,11/7/20,337.00,6537.00,844.00,156.00,41.00,1066.00,
11/12/20,Oregon,"Healthcare Setting, Outpatient or Emergency Room",2/1/20,11/7/20,24.00,1145.00,41.00,,,60.00,One or more data cells have counts between 1-9 and have been suppressed in accordance with NCHS confidentiality standards.
11/12/20,Oregon,"Healthcare Setting, Dead on Arrival",2/1/20,11/7/20,,11.00,,,0.00,,One or more data cells have counts between 1-9 and have been suppressed in accordance with NCHS confidentiality standards.
11/12/20,Oregon,Decedent's Home,2/1/20,11/7/20,68.00,12704.00,190.00,14.00,12.00,256.00,
11/12/20,Oregon,Hospice Facility,2/1/20,11/7/20,,694.00,17.00,,,19.00,One or more data cells have counts between 1-9 and have been suppressed in accordance with NCHS confidentiality standards.
11/12/20,Oregon,Nursing Home or Long Term Care Facility,2/1/20,11/7/20,211.00,5314.00,209.00,40.00,10.00,389.00,
11/12/20,Oregon,Other,2/1/20,11/7/20,14.00,2785.00,50.00,,,64.00,One or more data cells have counts between 1-9 and have been suppressed in accordance with NCHS confidentiality standards.
11/12/20,Oregon,Place of Death Unknown,2/1/20,11/7/20,0.00,0.00,0.00,0.00,0.00,0.00,
11/12/20,Pennsylvania,"Healthcare Setting, Inpatient",2/1/20,11/7/20,4664.00,30811.00,5553.00,2488.00,174.00,7898.00,
11/12/20,Pennsylvania,"Healthcare Setting, Outpatient or Emergency Room",2/1/20,11/7/20,165.00,4909.00,178.00,42.00,10.00,311.00,
11/12/20,Pennsylvania,"Healthcare Setting, Dead on Arrival",2/1/20,11/7/20,,443.00,,0.00,,,One or more data cells have counts between 1-9 and have been suppressed in accordance with NCHS confidentiality standards.
11/12/20,Pennsylvania,Decedent's Home,2/1/20,11/7/20,322.00,36391.00,563.00,77.00,16.00,824.00,
11/12/20,Pennsylvania,Hospice Facility,2/1/20,11/7/20,193.00,5675.00,322.00,91.00,17.00,441.00,
11/12/20,Pennsylvania,Nursing Home or Long Term Care Facility,2/1/20,11/7/20,3870.00,29609.00,1601.00,640.00,38.00,4869.00,
11/12/20,Pennsylvania,Other,2/1/20,11/7/20,38.00,5135.00,56.00,,0.00,89.00,One or more data cells have counts between 1-9 and have been suppressed in accordance with NCHS confidentiality standards.
11/12/20,Pennsylvania,Place of Death Unknown,2/1/20,11/7/20,,11.00,,0.00,0.00,,One or more data cells have counts between 1-9 and have been suppressed in accordance with NCHS confidentiality standards.
11/12/20,Rhode Island,"Healthcare Setting, Inpatient",2/1/20,11/7/20,372.00,1833.00,377.00,211.00,11.00,549.00,
11/12/20,Rhode Island,"Healthcare Setting, Outpatient or Emergency Room",2/1/20,11/7/20,26.00,675.00,28.00,12.00,0.00,42.00,
11/12/20,Rhode Island,"Healthcare Setting, Dead on Arrival",2/1/20,11/7/20,,32.00,,0.00,,,One or more data cells have counts between 1-9 and have been suppressed in accordance with NCHS confidentiality standards.
11/12/20,Rhode Island,Decedent's Home,2/1/20,11/7/20,40.00,2390.00,60.00,10.00,,92.00,One or more data cells have counts between 1-9 and have been suppressed in accordance with NCHS confidentiality standards.
11/12/20,Rhode Island,Hospice Facility,2/1/20,11/7/20,109.00,1161.00,111.00,80.00,,146.00,One or more data cells have counts between 1-9 and have been suppressed in accordance with NCHS confidentiality standards.
11/12/20,Rhode Island,Nursing Home or Long Term Care Facility,2/1/20,11/7/20,570.00,2367.00,207.00,132.00,,649.00,One or more data cells have counts between 1-9 and have been suppressed in accordance with NCHS confidentiality standards.
11/12/20,Rhode Island,Other,2/1/20,11/7/20,,126.00,,0.00,0.00,,One or more data cells have counts between 1-9 and have been suppressed in accordance with NCHS confidentiality standards.
11/12/20,Rhode Island,Place of Death Unknown,2/1/20,11/7/20,35.00,150.00,28.00,15.00,0.00,48.00,
11/12/20,South Carolina,"Healthcare Setting, Inpatient",2/1/20,11/7/20,2421.00,12469.00,2712.00,1285.00,71.00,3915.00,
11/12/20,South Carolina,"Healthcare Setting, Outpatient or Emergency Room",2/1/20,11/7/20,121.00,2789.00,89.00,28.00,0.00,182.00,
11/12/20,South Carolina,"Healthcare Setting, Dead on Arrival",2/1/20,11/7/20,0.00,20.00,0.00,0.00,0.00,0.00,
11/12/20,South Carolina,Decedent's Home,2/1/20,11/7/20,209.00,16830.00,295.00,49.00,12.00,467.00,
11/12/20,South Carolina,Hospice Facility,2/1/20,11/7/20,212.00,3422.00,224.00,73.00,,370.00,One or more data cells have counts between 1-9 and have been suppressed in accordance with NCHS confidentiality standards.
11/12/20,South Carolina,Nursing Home or Long Term Care Facility,2/1/20,11/7/20,654.00,6054.00,342.00,125.00,10.00,881.00,
11/12/20,South Carolina,Other,2/1/20,11/7/20,29.00,2585.00,29.00,,,54.00,One or more data cells have counts between 1-9 and have been suppressed in accordance with NCHS confidentiality standards.
11/12/20,South Carolina,Place of Death Unknown,2/1/20,11/7/20,0.00,0.00,0.00,0.00,0.00,0.00,
11/12/20,South Dakota,"Healthcare Setting, Inpatient",2/1/20,11/7/20,264.00,1769.00,371.00,152.00,10.00,493.00,
11/12/20,South Dakota,"Healthcare Setting, Outpatient or Emergency Room",2/1/20,11/7/20,11.00,356.00,10.00,,0.00,20.00,One or more data cells have counts between 1-9 and have been suppressed in accordance with NCHS confidentiality standards.
11/12/20,South Dakota,"Healthcare Setting, Dead on Arrival",2/1/20,11/7/20,0.00,10.00,0.00,0.00,0.00,0.00,
11/12/20,South Dakota,Decedent's Home,2/1/20,11/7/20,21.00,1566.00,44.00,,,59.00,One or more data cells have counts between 1-9 and have been suppressed in accordance with NCHS confidentiality standards.
11/12/20,South Dakota,Hospice Facility,2/1/20,11/7/20,20.00,723.00,54.00,10.00,,69.00,One or more data cells have counts between 1-9 and have been suppressed in accordance with NCHS confidentiality standards.
11/12/20,South Dakota,Nursing Home or Long Term Care Facility,2/1/20,11/7/20,173.00,1851.00,103.00,40.00,,243.00,One or more data cells have counts between 1-9 and have been suppressed in accordance with NCHS confidentiality standards.
11/12/20,South Dakota,Other,2/1/20,11/7/20,,347.00,,,,11.00,One or more data cells have counts between 1-9 and have been suppressed in accordance with NCHS confidentiality standards.
11/12/20,South Dakota,Place of Death Unknown,2/1/20,11/7/20,0.00,0.00,0.00,0.00,0.00,0.00,
11/12/20,Tennessee,"Healthcare Setting, Inpatient",2/1/20,11/7/20,2504.00,19904.00,4074.00,1441.00,101.00,5237.00,
11/12/20,Tennessee,"Healthcare Setting, Outpatient or Emergency Room",2/1/20,11/7/20,134.00,5264.00,221.00,43.00,,317.00,One or more data cells have counts between 1-9 and have been suppressed in accordance with NCHS confidentiality standards.
11/12/20,Tennessee,"Healthcare Setting, Dead on Arrival",2/1/20,11/7/20,17.00,1354.00,27.00,,,39.00,One or more data cells have counts between 1-9 and have been suppressed in accordance with NCHS confidentiality standards.
11/12/20,Tennessee,Decedent's Home,2/1/20,11/7/20,153.00,21338.00,427.00,39.00,12.00,553.00,
11/12/20,Tennessee,Hospice Facility,2/1/20,11/7/20,66.00,2253.00,134.00,38.00,,170.00,One or more data cells have counts between 1-9 and have been suppressed in accordance with NCHS confidentiality standards.
11/12/20,Tennessee,Nursing Home or Long Term Care Facility,2/1/20,11/7/20,492.00,9987.00,601.00,126.00,11.00,978.00,
11/12/20,Tennessee,Other,2/1/20,11/7/20,30.00,3506.00,53.00,,0.00,77.00,One or more data cells have counts between 1-9 and have been suppressed in accordance with NCHS confidentiality standards.
11/12/20,Tennessee,Place of Death Unknown,2/1/20,11/7/20,0.00,0.00,0.00,0.00,0.00,0.00,
11/12/20,Texas,"Healthcare Setting, Inpatient",2/1/20,11/7/20,14154.00,58936.00,15250.00,8539.00,279.00,21134.00,
11/12/20,Texas,"Healthcare Setting, Outpatient or Emergency Room",2/1/20,11/7/20,696.00,12000.00,575.00,180.00,13.00,1104.00,
11/12/20,Texas,"Healthcare Setting, Dead on Arrival",2/1/20,11/7/20,13.00,213.00,,,0.00,18.00,One or more data cells have counts between 1-9 and have been suppressed in accordance with NCHS confidentiality standards.
11/12/20,Texas,Decedent's Home,2/1/20,11/7/20,1373.00,61566.00,1403.00,250.00,46.00,2569.00,
11/12/20,Texas,Hospice Facility,2/1/20,11/7/20,216.00,8227.00,758.00,111.00,11.00,874.00,
11/12/20,Texas,Nursing Home or Long Term Care Facility,2/1/20,11/7/20,2233.00,27690.00,1538.00,618.00,16.00,3168.00,
11/12/20,Texas,Other,2/1/20,11/7/20,312.00,13256.00,321.00,86.00,,556.00,One or more data cells have counts between 1-9 and have been suppressed in accordance with NCHS confidentiality standards.
11/12/20,Texas,Place of Death Unknown,2/1/20,11/7/20,0.00,0.00,0.00,0.00,0.00,0.00,
11/12/20,Utah,"Healthcare Setting, Inpatient",2/1/20,11/7/20,389.00,3306.00,609.00,219.00,20.00,799.00,
11/12/20,Utah,"Healthcare Setting, Outpatient or Emergency Room",2/1/20,11/7/20,14.00,618.00,20.00,,,34.00,One or more data cells have counts between 1-9 and have been suppressed in accordance with NCHS confidentiality standards.
11/12/20,Utah,"Healthcare Setting, Dead on Arrival",2/1/20,11/7/20,0.00,16.00,0.00,0.00,0.00,0.00,
11/12/20,Utah,Decedent's Home,2/1/20,11/7/20,72.00,7328.00,186.00,20.00,10.00,248.00,
11/12/20,Utah,Hospice Facility,2/1/20,11/7/20,0.00,0.00,0.00,0.00,0.00,0.00,
11/12/20,Utah,Nursing Home or Long Term Care Facility,2/1/20,11/7/20,189.00,3745.00,154.00,25.00,,325.00,One or more data cells have counts between 1-9 and have been suppressed in accordance with NCHS confidentiality standards.
11/12/20,Utah,Other,2/1/20,11/7/20,14.00,1270.00,25.00,,,35.00,One or more data cells have counts between 1-9 and have been suppressed in accordance with NCHS confidentiality standards.
11/12/20,Utah,Place of Death Unknown,2/1/20,11/7/20,0.00,0.00,0.00,0.00,0.00,0.00,
11/12/20,Vermont,"Healthcare Setting, Inpatient",2/1/20,11/7/20,28.00,990.00,115.00,13.00,,139.00,One or more data cells have counts between 1-9 and have been suppressed in accordance with NCHS confidentiality standards.
11/12/20,Vermont,"Healthcare Setting, Outpatient or Emergency Room",2/1/20,11/7/20,,196.00,,0.00,,,One or more data cells have counts between 1-9 and have been suppressed in accordance with NCHS confidentiality standards.
11/12/20,Vermont,"Healthcare Setting, Dead on Arrival",2/1/20,11/7/20,0.00,10.00,0.00,0.00,0.00,0.00,
11/12/20,Vermont,Decedent's Home,2/1/20,11/7/20,,1749.00,31.00,0.00,,33.00,One or more data cells have counts between 1-9 and have been suppressed in accordance with NCHS confidentiality standards.
11/12/20,Vermont,Hospice Facility,2/1/20,11/7/20,0.00,272.00,12.00,0.00,,13.00,One or more data cells have counts between 1-9 and have been suppressed in accordance with NCHS confidentiality standards.
11/12/20,Vermont,Nursing Home or Long Term Care Facility,2/1/20,11/7/20,31.00,1136.00,43.00,,,75.00,One or more data cells have counts between 1-9 and have been suppressed in accordance with NCHS confidentiality standards.
11/12/20,Vermont,Other,2/1/20,11/7/20,,299.00,,0.00,,,One or more data cells have counts between 1-9 and have been suppressed in accordance with NCHS confidentiality standards.
11/12/20,Vermont,Place of Death Unknown,2/1/20,11/7/20,0.00,,0.00,0.00,0.00,0.00,One or more data cells have counts between 1-9 and have been suppressed in accordance with NCHS confidentiality standards.
11/12/20,Virginia,"Healthcare Setting, Inpatient",2/1/20,11/7/20,2335.00,17368.00,2805.00,1171.00,74.00,4040.00,
11/12/20,Virginia,"Healthcare Setting, Outpatient or Emergency Room",2/1/20,11/7/20,96.00,2921.00,127.00,24.00,11.00,210.00,
11/12/20,Virginia,"Healthcare Setting, Dead on Arrival",2/1/20,11/7/20,,155.00,,,,,One or more data cells have counts between 1-9 and have been suppressed in accordance with NCHS confidentiality standards.
11/12/20,Virginia,Decedent's Home,2/1/20,11/7/20,200.00,21594.00,290.00,37.00,18.00,470.00,
11/12/20,Virginia,Hospice Facility,2/1/20,11/7/20,50.00,1600.00,55.00,21.00,,85.00,One or more data cells have counts between 1-9 and have been suppressed in accordance with NCHS confidentiality standards.
11/12/20,Virginia,Nursing Home or Long Term Care Facility,2/1/20,11/7/20,981.00,10660.00,359.00,100.00,10.00,1250.00,
11/12/20,Virginia,Other,2/1/20,11/7/20,44.00,4437.00,31.00,,,71.00,One or more data cells have counts between 1-9 and have been suppressed in accordance with NCHS confidentiality standards.
11/12/20,Virginia,Place of Death Unknown,2/1/20,11/7/20,,50.00,,0.00,0.00,,One or more data cells have counts between 1-9 and have been suppressed in accordance with NCHS confidentiality standards.
11/12/20,Washington,"Healthcare Setting, Inpatient",2/1/20,11/7/20,1271.00,13062.00,2291.00,811.00,82.00,2828.00,
11/12/20,Washington,"Healthcare Setting, Outpatient or Emergency Room",2/1/20,11/7/20,30.00,1254.00,77.00,11.00,,97.00,One or more data cells have counts between 1-9 and have been suppressed in accordance with NCHS confidentiality standards.
11/12/20,Washington,"Healthcare Setting, Dead on Arrival",2/1/20,11/7/20,,38.00,,0.00,0.00,,One or more data cells have counts between 1-9 and have been suppressed in accordance with NCHS confidentiality standards.
11/12/20,Washington,Decedent's Home,2/1/20,11/7/20,182.00,18744.00,403.00,70.00,17.00,532.00,
11/12/20,Washington,Hospice Facility,2/1/20,11/7/20,60.00,2743.00,128.00,26.00,,167.00,One or more data cells have counts between 1-9 and have been suppressed in accordance with NCHS confidentiality standards.
11/12/20,Washington,Nursing Home or Long Term Care Facility,2/1/20,11/7/20,587.00,7959.00,438.00,184.00,,850.00,One or more data cells have counts between 1-9 and have been suppressed in accordance with NCHS confidentiality standards.
11/12/20,Washington,Other,2/1/20,11/7/20,38.00,2524.00,59.00,15.00,,84.00,One or more data cells have counts between 1-9 and have been suppressed in accordance with NCHS confidentiality standards.
11/12/20,Washington,Place of Death Unknown,2/1/20,11/7/20,0.00,0.00,0.00,0.00,0.00,0.00,
11/12/20,West Virginia,"Healthcare Setting, Inpatient",2/1/20,11/7/20,263.00,4463.00,826.00,129.00,43.00,1003.00,
11/12/20,West Virginia,"Healthcare Setting, Outpatient or Emergency Room",2/1/20,11/7/20,,1212.00,44.00,,,48.00,One or more data cells have counts between 1-9 and have been suppressed in accordance with NCHS confidentiality standards.
11/12/20,West Virginia,"Healthcare Setting, Dead on Arrival",2/1/20,11/7/20,0.00,32.00,,0.00,0.00,,One or more data cells have counts between 1-9 and have been suppressed in accordance with NCHS confidentiality standards.
11/12/20,West Virginia,Decedent's Home,2/1/20,11/7/20,10.00,5605.00,83.00,,,93.00,One or more data cells have counts between 1-9 and have been suppressed in accordance with NCHS confidentiality standards.
11/12/20,West Virginia,Hospice Facility,2/1/20,11/7/20,13.00,1683.00,104.00,,,115.00,One or more data cells have counts between 1-9 and have been suppressed in accordance with NCHS confidentiality standards.
11/12/20,West Virginia,Nursing Home or Long Term Care Facility,2/1/20,11/7/20,115.00,2320.00,102.00,16.00,,207.00,One or more data cells have counts between 1-9 and have been suppressed in accordance with NCHS confidentiality standards.
11/12/20,West Virginia,Other,2/1/20,11/7/20,,860.00,13.00,,,17.00,One or more data cells have counts between 1-9 and have been suppressed in accordance with NCHS confidentiality standards.
11/12/20,West Virginia,Place of Death Unknown,2/1/20,11/7/20,0.00,0.00,0.00,0.00,0.00,0.00,
11/12/20,Wisconsin,"Healthcare Setting, Inpatient",2/1/20,11/7/20,1366.00,11050.00,1541.00,473.00,101.00,2535.00,
11/12/20,Wisconsin,"Healthcare Setting, Outpatient or Emergency Room",2/1/20,11/7/20,47.00,1751.00,61.00,14.00,,100.00,One or more data cells have counts between 1-9 and have been suppressed in accordance with NCHS confidentiality standards.
11/12/20,Wisconsin,"Healthcare Setting, Dead on Arrival",2/1/20,11/7/20,,94.00,,0.00,0.00,,One or more data cells have counts between 1-9 and have been suppressed in accordance with NCHS confidentiality standards.
11/12/20,Wisconsin,Decedent's Home,2/1/20,11/7/20,181.00,14617.00,241.00,33.00,18.00,407.00,
11/12/20,Wisconsin,Hospice Facility,2/1/20,11/7/20,86.00,3223.00,156.00,22.00,,227.00,One or more data cells have counts between 1-9 and have been suppressed in accordance with NCHS confidentiality standards.
11/12/20,Wisconsin,Nursing Home or Long Term Care Facility,2/1/20,11/7/20,383.00,6917.00,317.00,62.00,12.00,650.00,
11/12/20,Wisconsin,Other,2/1/20,11/7/20,217.00,7249.00,146.00,25.00,,344.00,One or more data cells have counts between 1-9 and have been suppressed in accordance with NCHS confidentiality standards.
11/12/20,Wisconsin,Place of Death Unknown,2/1/20,11/7/20,0.00,0.00,0.00,0.00,0.00,0.00,
11/12/20,Wyoming,"Healthcare Setting, Inpatient",2/1/20,11/7/20,46.00,700.00,121.00,26.00,,145.00,One or more data cells have counts between 1-9 and have been suppressed in accordance with NCHS confidentiality standards.
11/12/20,Wyoming,"Healthcare Setting, Outpatient or Emergency Room",2/1/20,11/7/20,,234.00,13.00,,,20.00,One or more data cells have counts between 1-9 and have been suppressed in accordance with NCHS confidentiality standards.
11/12/20,Wyoming,"Healthcare Setting, Dead on Arrival",2/1/20,11/7/20,,11.00,0.00,0.00,0.00,,One or more data cells have counts between 1-9 and have been suppressed in accordance with NCHS confidentiality standards.
11/12/20,Wyoming,Decedent's Home,2/1/20,11/7/20,13.00,1584.00,37.00,,0.00,47.00,One or more data cells have counts between 1-9 and have been suppressed in accordance with NCHS confidentiality standards.
11/12/20,Wyoming,Hospice Facility,2/1/20,11/7/20,,363.00,20.00,0.00,0.00,22.00,One or more data cells have counts between 1-9 and have been suppressed in accordance with NCHS confidentiality standards.
11/12/20,Wyoming,Nursing Home or Long Term Care Facility,2/1/20,11/7/20,24.00,713.00,43.00,,,65.00,One or more data cells have counts between 1-9 and have been suppressed in accordance with NCHS confidentiality standards.
11/12/20,Wyoming,Other,2/1/20,11/7/20,,316.00,,0.00,0.00,,One or more data cells have counts between 1-9 and have been suppressed in accordance with NCHS confidentiality standards.
11/12/20,Wyoming,Place of Death Unknown,2/1/20,11/7/20,0.00,0.00,0.00,0.00,0.00,0.00,
11/12/20,Puerto Rico,"Healthcare Setting, Inpatient",2/1/20,11/7/20,691.00,0.00,0.00,0.00,0.00,0.00,
11/12/20,Puerto Rico,"Healthcare Setting, Outpatient or Emergency Room",2/1/20,11/7/20,43.00,0.00,0.00,0.00,0.00,0.00,
11/12/20,Puerto Rico,"Healthcare Setting, Dead on Arrival",2/1/20,11/7/20,,0.00,0.00,0.00,0.00,0.00,One or more data cells have counts between 1-9 and have been suppressed in accordance with NCHS confidentiality standards.
11/12/20,Puerto Rico,Decedent's Home,2/1/20,11/7/20,18.00,0.00,0.00,0.00,0.00,0.00,
11/12/20,Puerto Rico,Hospice Facility,2/1/20,11/7/20,0.00,0.00,0.00,0.00,0.00,0.00,
11/12/20,Puerto Rico,Nursing Home or Long Term Care Facility,2/1/20,11/7/20,12.00,0.00,0.00,0.00,0.00,0.00,
11/12/20,Puerto Rico,Other,2/1/20,11/7/20,,0.00,0.00,0.00,0.00,0.00,One or more data cells have counts between 1-9 and have been suppressed in accordance with NCHS confidentiality standards.
11/12/20,Puerto Rico,Place of Death Unknown,2/1/20,11/7/20,0.00,0.00,0.00,0.00,0.00,0.00,